Destination;CountryCode
'.ONION'LAND;WW
'MURICA ONLY;USA
'STRAYA;AUS
(AUSPOST) WORLDWIDE;WW
(EXCEPT: US/NZ/AU/SCANDINAVIA);WW,!USA,!NZL
[USA  CAN  UK];USA,CAN,GBR
[WORLDWIDE - TRACKED];WW
[WORLDWIDE -TRACKED];WW
[WORLDWIDE];WW
* W O R L D W I D E *;WW
*WORLDWIDE*;WW
/> AUSTRALIA TO: AUSTRALIA;AUS
/> USA;USA
/> USA TO: USA;USA
& EU TO: WORLDWIDE;WW
✈✈WIDE✈✈;WW
✈✈WORLD✈✈;WW
✈✈WORLDWIDE✈✈;WW
12O7NKLKIVENB2V1AEJ9TSSZKB3SJ7VPXD;WW
3UK TETSERS - 2 OUTSIDE UK;WW
48 US STATES;USA
AFRICA;AF
ALL;WW
ALL COUNTRIES;WW
ALL EXCEPT AUS;WW,!AUS
ALL EXCEPT US/NL;WW,!AUS,!NLD
ALL OF EU - INTERNATIONAL MUST FE;EU
ALL OF EU (ESCROW)/OUTSIDE EU = FE;EU
ALL OF EU/OUTSIDE EU = FE;EU
ALL OUTSIDE US;WW
AND THE GRENADINES;WW
AND WORLDWIDE TO: UK   USA AND WORLDWIDE;WW
AND WORLDWIDE TO: USA   UK AND WORLDWIDE;WW
ANWHERE;WW
ANY WHERE;WW
ANYWHERE;WW
ANYWHERE  MAN;WW
ANYWHERE ;WW
ANYWHERE BESIDES USA  CANADA;WW,!US,!CAN
ANYWHERE IN CANADA;CAN
ANYWHERE IN CANDA;CAN
ANYWHERE YOU ARE;CAN
ANYWHERE!;CAN
ANYWHERE. OUTSIDE UK MAY BE ASKED FOR FE.;CAN
ASIA;AS
ASIA/AUSTRALIA/RUSSIA/EASTERN EUROPE;WW
ASK ME  I JUST MIGHT;WW
AU;AUS
AU & NZ;OC
AU AND NZ  WW;WW
AUS;AUS
AUS AND NZ;OC
AUS ONLY;AUS
AUS TO: USA ONLY;USA
AUS TO: WORLD WIDE;WW
AUS/NZ;OC
AUSSIE;AUS
AUSTALIA ONLY;AUS
AUSTRAILIA;AUS
AUSTRALIA;AUS
AUSTRALIA  / NZ;OC
AUSTRALIA  NEW ZEALAND;AUS
AUSTRALIA  NEW ZEALAND  USA;OC,USA
AUSTRALIA / NEW ZEALAND;OC
AUSTRALIA & NEW ZEALAND;OC
AUSTRALIA & NZ;OC
AUSTRALIA NEW ZEALAND;OC
AUSTRALIA NZ;AUS
AUSTRALIA ONLY;AUS
AUSTRALIA ONLY !!;AUS
AUSTRALIA ONLY!;AUS
AUSTRALIA ONLY!!;AUS
AUSTRALIA WIDE;AUS
AUSTRALIA/NEW ZEALAND;OC
AUSTRALIA/NEW ZELAND;OC
AUSTRALIA/WORLDWIDE;WW
AUSTRALIAN RESIDENTS ONLY;AUS
AUSTRALIANS ONLY;AUS
AUSTRIA;AUT
AUSTRIA  GERMANY  EU;EU
AUTRALIA;AUS
AWESOME CUSTOMERS OF DIRECTRX;WW
BARS BARS;
BARS BARS BARS;
BARS BARS XANAX;
BELGIUM;BEL
BETA  WORLD WIDE;WW
BETA  WORLDWIDE;WW
BRASIL;BRA
BRAZIL;BRA
CAN  USA  EUR;CAN,USA,EU
CAN/US;CAN,USA
CANADA;CAN
CANADA   US;CAN,USA
CANADA   USA  EU;CAN,USA,EU
CANADA  EUROPE;CAN,EU
CANADA  US;CAN,USA
CANADA  US  EU;CAN,USA,EU
CANADA  US  UK;CAN,USA,GBR
CANADA  US  UK  EU;CAN,USA,EU
CANADA  US  UK  EU  AUS  NZ;CAN,USA,EU,OC
CANADA  US  UK & EU;CAN,USA,EU
CANADA  US UK GB FRANCE;CAN,USA,GBR,FRA
CANADA  USA;CAN,USA
CANADA  USA  AND UK;CAN,USA,GBR
CANADA  USA  EU;CAN,USA,EU
CANADA  USA  EUROPE;CAN,USA,EU
CANADA  USA  UK;CAN,USA,GBR
CANADA  USA  UK  EU;CAN,USA,EU
CANADA  USA  UK & EU;CAN,USA,GBR,EU
CANADA & UNITED STATES;CAN,USA
CANADA & US;CAN,USA
CANADA & USA;CAN,USA
CANADA + USA;CAN,USA
CANADA AND EUROPE;CAN,EU
CANADA AND US;CAN,USA
CANADA AND USA;CAN,USA
CANADA EUROPE;CAN,EU
CANADA ONLY;CAN
CANADA UNITED STATES;CAN,USA
CANADA US;CAN,USA
CANADA USA;CAN,USA
CANADA USA EU WORLDWIDE;WW
CANADA. USA  UK & EU;CAN,USA,EU
CANADA/USA;CAN,USA
CANADA/USA/EU;CAN,USA,EU
CANADA&USA;CAN,USA
CAROLINETHEEUNUCH;
CAROLINETHEEUNUCH  ONLY;
CHEUARAI;
COLOMBIA TO: WORLDWIDE/ NO USA;WW,!USA
CONTACT ME;
CONTINENTAL US ONLY;USA
CUSTOM;WW
DE  AT;DEU,AUT
DENMARK;DNK
DEUTSCHLAND;DEU
DEUTSCHLAND  EUROPE & SWITZERLAND;EU,CHE
DIRECTRX'S CUSTOMERS;WW
DIRECTRX'S SMART CUSTOMERS;WW
DIRECTX'S CUSTOMERS;WW
DOMESTIC;USA
DOMESTIC ONLY;USA
DOMESTIC USA;USA
DOMESTIC USA - CONTACT FOR INTERNATIONAL;USA
DOMESTIC USA ONLY;USA
DOMESTIC USA ONLY - NOT EVEN CANADA!!!;USA
DOWNLOAD LINK;WW
E U;EU
E.U.;EU
E.U. COUNTRIES;EU
EARTH.;WW
ELECTRONICALLY;WW
ENGLAND UK GB FRANCE IRELANDE US;GBR,FR,USA
EU;EU
EU  ASIA;EU,AS
EU  AUSTRALIA  RUSSIA;AUS,RUS,EU
EU  CH  NO  USA  CA;EU,CHE
EU  CH  SCANDINAVIA;EU,CHE
EU  CHE  NOR  USA  CAN  AUS  NZL;EU,OC,USA,CAN,CHE,NOR
EU  GERMANY;EU
EU  NO  CH;EU
EU  NORTH AMERICA;EU,USA,CAN
EU  SWITZERLAND;EU,CHE
EU  SWITZERLAND  NORWAY;EU,CHE,NOR
EU  UK;EU
EU  UK  CH  SWE  DK;EU,CHE
EU  US;EU,USA
EU  USA;EU,USA
EU  USA  CANADA;EU,USA,CAN
EU  USA  CANCADA;EU,USA,CAN
EU  WORLDWIDE;WW
EU (ASK FOR OTHER LOCATIONS);EU
EU (CHECK PROFILE FOR DETAILS);EU
EU (EXCEPT FINLAND);EU
EU (SCANDINAVIA FE);EU
EU (SCANDINAVIA);EU
EU (SCHNEGEN AREA);EU
EU (SEE TEXT);EU
EU / INTERNATIONAL;WW
EU & UK ONLY;EU
EU & USA;EU
EU & USA & CA;EU,USA,CAN
EU + USA;EU,US
EU + USA + CANADA;EU,USA,CAN
EU AND CANADA;EU,CAN
EU AND EUROPE;EU
EU AND MORE;EU
EU AND OTHERS;EU
EU AND SOME OTHERS;EU
EU AND SOME PLACES;EU
EU AND USA;EU,USA
EU AUS USA;EU,AUS,USA
EU CH SCANDINAVIA;EU,CHE
EU EXCEPT CH;EU
EU EXCEPT FRANCE;EU,FRA
EU EXCEPT SCANDINAVIA;EU
EU EXCEPT SWE/UK;EU
EU EXCEPT SWE/UK/NOR/RU;EU
EU EXCEPT SWEDEN  NORWAY  FINLAND;EU
EU EXP. NOR SWE FIN;EU
EU EXPECT ALL SCANDINAVIAN COUNTRIES;EU
EU EXPECT SCANDINAVIA;EU
EU EXPECT THE SCANDINAVIAN COUNTRIES;EU
EU GERMANY;EU
EU ONLY;EU
EU SCHENGEN (SCANDINAVIA FE);EU
EU TO: WORLDWIDE;WW
EU WORLDWIDE;WW
EU WORLDWIDE EXCEPT AUSTRALIA;WW,!AUS
EU.;EU
EU(SCHENGEN AREA);EU
EU/ INTERNATIONAL;WW
EU/GERMANY;EU
EU/INTERNATIONAL;WW
EU/UK;EU
EU/US/AUS;EU,USA,AUS
EU/WORLDWIDE EXCEPT USA;WW,!USA
EURO - UK 3-5 DAYS;EU
EURO ZONE;EU
EURO ZONE (  EXEPT FINLAND );EU
EURO ZONE ( EXEPT FINLAND );EU
EURO-UK;EU
EUROP;EU
EUROPA;EU
EUROPA  PRIOR;EU
EUROPA PRIOR;EU
EUROPE;EU
EUROPE  CANADA;EU,CAN
EUROPE  CANADA  USA;EU,CAN,USA
EUROPE  GERMANY;EU,DEU
EUROPE  NORWAY AND SWIZZ;EU,NOR,CHE
EUROPE  RUSSIA EXCEPT FOR SCANDINAVIA AND THE NETHERLANDS;EU,RUS,!NLD
EUROPE  SWITZERLAND  NORWAY;EU,CHE,NOR
EUROPE  SWIZZ  NORWAY;EU,CHE,NOR
EUROPE  SWIZZ AND NORWAY;EU,CHE,NOR
EUROPE  UK;EU
EUROPE  UK  IRELAND  INDIA;EU,IND
EUROPE  UK  IRELAND  POLAND;EU
EUROPE  UK  IRELAND  POLAND  INDIA;EU
EUROPE  USA;EU,USA
EUROPE  USA  CANADA;EU,USA,CAN
EUROPE  USA AND RUSSIA;EU,USA,RUS
EUROPE  WORLDWIDE;EU,WW
EUROPE -NO FINLAND;EU,!FIN
EUROPE (BANNED: SWEDEN   DENMARK);EU,!SWE,!DNK
EUROPE (CHECK OUR PROFILE FOR DETAILS);EU
EUROPE (EXCEPT SCANDINAVIA;EU
EUROPE (EXCEPT SCANDINAVIA);EU
EUROPE (FOR THE MOMENT);EU
EUROPE (NOT SWEDEN/NORWAY);EU,!SWE,!NOR
EUROPE *NO US  SCANDINAVIA  RUSSIA  AUS  NZ;EU
EUROPE / NO FINLAND;EU,!FIN
EUROPE / USA;EU,USA
EUROPE // NO FINLAND;EU,!FIN
EUROPE & SWITZERLAND;EU,CHE
EUROPE AND CANADA;EU,CAN
EUROPE AND GERMANY;EU,DEU
EUROPE AND OTHER PLACES.;EU
EUROPE AND RUSSIA EXCEPT FOR SCANDINAVIA AND THE NETHERLANDS;EU,!NLD
EUROPE AND SWITZERLAND  EXCEPT NORTH EUROPE (SWEDEN  LATVIA ...);EU,CHE
EUROPE AND USA;EU,USA
EUROPE EXCEPT NETHERLANDS;EU,!NLD
EUROPE EXCEPT SCANDINAVIA AND THE NETHERLANDS;EU,!NLD
EUROPE EXPECT ALL SCANDINAVIAN COUNTRIES;EU
EUROPE EXPECT SCANDINAVIA;EU
EUROPE NORWAY SWIZZ;EU,NOR,CHE
EUROPE ONLY;EU
EUROPE UK  INDIA  FRANCE  IRELAND;EU,GBR,IND
EUROPE UNION ONLY;EU
EUROPE USA;EU,USA
EUROPE WORLD;WW
EUROPE. ASIA;EU,AS
EUROPE(EXCEPT SCANDINAVIA);EU
EUROPE*NO US  SCANDINAVIA  RUSSIA  AUS  NZ;EU
EUROPE/AUSTRALIA;EU,AUS
EUROPE/USA/CANADA;EU,USA,CAN
EUROPE/USA/CANADA/AUSTRALIA/NZ;EU,USA,CAN,OC
EUROPE/WORLDWIDE;WW
EUROPEA UNION;EU
EUROPEAN COUNTRIES;EU
EUROPEAN UNION;EU
EUROPEAN UNION  SWITZERLAND;EU,CHE
EUROPEAN UNION *EXCEPT SCANDINAVIA;EU
EUROPEAN UNION AND GERMANY;EU,DEU
EUROPEAN UNION ONLY;EU
EUROPEN UNION EXCEPT FINLAND;EU,!FIN
EVERY WHERE;WW
EVERYWHERE;WW
EVERYWHERE  EXCEPT AUSTRALIA;WW,!AUS
EVERYWHERE | READ PROFILE;WW
EVERYWHERE BUT AUSTRALIA;WW,!AUS
EVERYWHERE EXCEPT - [ USA & CANADA];WW,!USA,!CAN
EVERYWHERE EXCEPT-[USA & CANADA];WW,!USA,!CAN
EVERYWHERE WORLDWIDE ANY DESTINATION;WW
EXCEPT USA  AUSTRALIA;WW,!USA,!CAN
FACEBOOK;
FINLAND;FIN
FINLAND AND EU;EU
FR;FRA
FR + EU + USA;EU,USA
FRANCE;FRA
FRANCE  BELGIQUE  LUXEMBOURG;FRA,BEL,LUX
FRANCE  EUROPE  USA  CHINE  JAPON  SINGAPOUR  CANADA  HONGKONG ETC....;
FRANCE  SPAIN;FRA,ESP
FRANCE AND EU;EU
FREE WORLDWIDE;WW
FREE WORLDWIDE!!;WW
GER;DEU
GER / EU;EU
GERMANY;DEU
GERMANY   EUROPE;EU
GERMANY  EU;EU
GERMANY  EU  SCHENGEN AREA;EU
GERMANY  EU  SCHENGEN-AREA;EU
GERMANY  EUROPE  SCHWEIZ;EU,CHE
GERMANY  ÖSTERREICH  SCHWEIZ;EU,CHE
GERMANY  SCANDINAVIAN COUNTRIES  FRANCE  BELGIUM  AUSTRIA;EU
GERMANY AND EUROPE;EU
GERMANY EU;EU
GERMANY ONLY;DEU
GERMANY ONLY!;DEU
GERMANY/DEUTSCHLAND;DEU
GLOBAL;WW
GLOBAL EXCEPT AFRICA;WW,!AF
GLOBALLY;WW
GLOBE;WW
GOBAL;WW
HEALER2014;
HIM :);
HOLDER TO: YOUR BONER HOLDER (YOURS IS UNOFFICIAL HINCE THE NON CAPS);
HOLLAND  EUROPE  RUSSIA  ASIA  AFRICA  SOUTH-AFRICA  CANADA;WW
HUNGARY;HUN
HUNGRYCATERPILLAR;
I DONT KNOW! WILL SEE!;
INBOX;WW
INBOX (PGP);WW
INBOX AND DOWNLOAD LINK.;WW
INDIA;IND
INFINITY AND BEYOND;
INSTAGRAM;WW
INTERNATIONA;WW
INTERNATIONAL;WW
INTERNATIONAL (2G MIN OUTSIDE THE UK);WW
INTERNATIONAL (2G MINIMUM OUTSIDE UK);WW
INTERNATIONAL (MOST COUNTRIES);WW
INTERNATIONAL (WORLDWIDE SHIPPING);WW
INTERNATIONAL EXCEPT USA;WW,!USA
INTERNATIONAL WORLDWIDE;WW
INTERNATIONAL/EU;WW
INTERNATIONALLY;WW
INTERNATTIONAL;WW
INTERNET;WW
INTERNET MESSAGE;WW
INTERNET WORLD WIDE;WW
IRAQ;IRQ
IRELAND;IRL
IRELAND  UK;GBR,IRL
IRELAND. UK;GBR,IRL
ITALY;ITA
JOHN DOE;
JOLLA  THE UNITED SNAKES OF CAPTIVITY;
KEMIKAL ONLY;
KMAN;
KONG  WORLDWIDE;WW
LIQUID CORE OF THE EARTH;
LOYAL NINJAS;
MAULOFAMERICA;
MESSAGES;WW
MESSAGES OR E-MAIL;WW
MOST COUNTRIES;WW
MOST DESTINATIONS;WW
MOST PARTS OF EUROPE;EU
MY NINJAS;
MY NINJAS & HACTIVISTS;
MY NINJAS AND HACKTIVISTS;
NEW ZEALAND;NZL
NEW ZEALAND & AU;OC
NL / BELGIUM;NZL,BEL
NL*BE*DE*PO*LU*IT*FR*SP;
NO DELIVERY TO RUSSIA AND USA;WW,!USA,!RUS
NO LATIN AMERCIA OR AUSTRALIA;
NO LATIN AMERICA OR AUSTRALIA;
NO RESTRICTIONS;WW
NO SHIPPING TO U.S;WW,!USA
NO SOUTH AMERICA OR AUSTRALIA;
NO USA;WW,!AUS
NORTH AMERICA;USA,CAN
NORTH AMERICA AND EU  EXCEPT SCANDINAVIA;EU,USA,CAN
NORTH AMERICA AND EU EXCEPT SCANDINAVIA;EU,USA,CAN
NORTH POLE;
NORWAY;NOR
NOT SHIPPING TO US;WW,!USA
NOT TO USA;WW,!USA
NZ;NZL
NZ/AUS;OC
OF;
"OF CAPTIVITY TO: ""DABBERS""";
"OF CAPTIVITY TO: ""FCUK..YOUR COUCH""-RICK JAMES";
"OF CAPTIVITY TO: ""MY NINJAS"" AND HACKTIVISTS";
"OF CAPTIVITY TO: ""RUN LIKE F.C.U.K.""";
OF CAPTIVITY TO: 1 SOLID NINJA;
OF CAPTIVITY TO: AMERICANA;
OF CAPTIVITY TO: FLAGS DIPPED IN KEROSENE;
OF CAPTIVITY TO: GENTLE HEARTS AND KIND PEOPLE;
OF CAPTIVITY TO: INTERNATIONAL NINJAS;
OF CAPTIVITY TO: KIND HEARTS AND GENTLE PEOPLE;
OF CAPTIVITY TO: LEFT AND RIGHT COAST U.S.'A';
OF CAPTIVITY TO: MAMAS HOUSE AND PAPAS HOUSE;
OF CAPTIVITY TO: MY NINJAS;
OF CAPTIVITY TO: NINJAS & HACKTIVIST;
OF CAPTIVITY TO: NINJAS INTERNATIONALY;
OF CAPTIVITY TO: NINJAS ON A BUGDET;
OF CAPTIVITY TO: O.G'S AND Y.G'S;
OF CAPTIVITY TO: RESPONSABLE NINJAS;
OF CAPTIVITY TO: RESPONSIBLE 'SIPPERS';
OF CAPTIVITY TO: RESPONSIBLE ADULTS;
OF CAPTIVITY TO: RESPONSIBLE NINJAS;
OF CAPTIVITY TO: RESPONSIBLE SIPPERS;
OF CAPTIVITY TO: SMOKERS  JOKERS  & TOKERS;
OF CAPTIVITY TO: SNAKE CHARMERS AND NINJAS;
OF CAPTIVITY TO: SOLID NINJAS;
OF CAPTIVITY TO: THE HUMAN RACE;
OF CAPTIVITY TO: YOUR D.Z.;
OF THE MISSISSIPPI  KIND AND GENTLE PEOPLE;
OF THE MISSISSIPPI  KIND HEARTS AND GENTLE PEOPLE;
ONLY CANADA;CAN
ONLY EUROPE;EU
ONLY TO EUROPE;EU
ONLY TO ITALY;ITA
ONLY US;USA
OTHER THAN USA;WW,!USA
OUR FOUNDING FATHERS TO: YOUR LOINS;
OUTSIDE CANADA;WW,!CAN
PALISADES  THE HUMAN RACE;
PLANET EARTH;WW
PLANET EARTH! FREE!;WW
PLEASE CHECK LISTING;
PLEASE READ MY PROFILE;
PM;
PM (PGP);
POLAND  EUROPE;EU
PREF USA ONLY BUT WILL SHIP INTERNATIONALLY (SEE MY NOTES);WW
PREFERRABLY USA;WW
QATAR;QAT
READ PROFILE;
REPUBLIC;
REPUBLIC  EU;EU
REST OF THE WORLD;WW
ROOIBOS;
ROUND THE GLOBE :);WW
RUSSIA;RUS
SCANDINAVIA;
SCANDINAVIA / EUROPE;EU
SCANDINAVIA + REST OF THE WORLD.#FREE SHIPPING;WW
SCANDINAVIA + WW;WW
SCANDINAVIA/EUROPE;EU
SECOND LIFE;
SEE DESRCIPTION;
SELECT SHIPPING OPTIONS;
SHIPS TO WORLDWIDE;WW
SKANDINAVIA;
SOUNDCLOUD;
SPAIN;ESP
STATES;
STATES  UNITED STATES;USA
SUPERT ONLY;
SWE/DK/NO/FI/EU;EU
SWEDEN;SWE
SWEDEN  NORWAY;SWE,NOR
SWEDEN & GERMANY;SWE,DEU
SWEDEN NORWAY FINLAND DENMARK;SWE,NOR,FIN,DNK
SWIM'S DOOR;
SWISS AND EU;CHE,EU
SWITZERLAND;CHE
SWITZERLAND | SWISS (CH);CHE
SWITZERLAND/EU;CHE,EU
THE KITCHEN;
THE LAND OF OZ;
THE UNITED SNAKES OF CAPTIVITY;
THE WORLD;WW
THE WORLD-EXCLUDING AUSTRALIA;WW,!AUS
THOSE WHO LOVE A DEAL!!!;
TO A VERY BROAD PLACE;
TO EU;EU
TOR;WW
TOR DOWNLOAD LINK;WW
TORLAND;WW
TORLAND/WORLD;WW
TRACKED WORLDWIDE;WW
TWITTER;
U WORLDWIDE EXCEPT AUSTRALIA;WW,!AUS
U.K;GBR
U.S. ONLY;USA
U.S.A;USA
U.S.A.;USA
U$A;USA
UK;GBR
UK   EU;EU
UK   USA AND WORLDWIDE;WW
UK  ASK;GBR
UK  CANADA  US;GBR,CAN,USA
UK  EU;EU
UK  EURO  WORLDWIDE;WW
UK  EUROPE;EU
UK  EUROPE  US;EU,USA
UK  EUROPE  USA;EU,USA
UK  EUROPE AND USA;EU,USA
UK  EUROPE USA;EU,USA
UK  USA  EUROPE;EU,USA
UK  USA  EUROPE (SOME COUNTRIES);EU,USA
UK  WESTERN EUROPE. ENQUIRE OTHERWISE.;
UK  WORLDWIDE;WW
UK - ANYWHERE. OUTSIDE EU = FE.;EU
UK - ONLY;GBR
UK - WORLDWIDE;WW
UK - WW SOON;GBR
UK (10+ NEEDED + FE FOR WORLDWIDE);WW
UK (FREE!) & EU;EU
UK * EU * WORLDWIDE;WW
UK * USA * WORLDWIDE;WW
UK / IRE;GBR,IRL
UK & EU;EU
UK & EUROPE;EU
UK & IRELAND;GBR,IRL
UK & IRL;GBR,IRL
UK & THE EUROPEAN UNION.;EU
UK + EU;EU
UK | READ PROFILE;GBR
UK AND EU;EU
UK AND EU ONLY;EU
UK AND EUROPE;EU
UK AND MOST OF EUROPE;EU
UK AND REPUBLIC OF IRELAND;GBR,IRL
UK EU;EU
UK EU ONLY;EU
UK EU USA;USA,GBR
UK EU WORLD;WW
UK EU.USA;EU,USA,GBR
UK EUROPE;EU
UK FOR TESTING - WW SOON;WW
UK GB  FRANCE  IRELANDE;GBR,FRA,IRL
UK GB  FRANCE US IRELANDE;GBR,FRA,IRL,USA
UK GB FRANCE  IRELANDE;GBR,FRA,IRL,USA
UK GB FRANCE ENGLAND IRELANDE US;GBR,FRA,IRL,USA
UK GB FRANCE IRELAND;GBR,FRA,IRL
UK GB FRANCE IRELAND US;GBR,FRA,IRL,USA
UK GB FRANCE US  IRELANDE;GBR,FRA,IRL,USA
UK GB FRANCE US CANADA;GBR,FRA,USA,CAN
UK GB FRANCE US IRELANDE;GBR,FRA,USA,CAN
UK IE;GBR
UK ONLY;GBR
UK ONLY (MIGHT MAKE EXCEPTIONS);GBR
UK ONLY!!;GBR
UK ONLY!!!;GBR
UK ONLY. 0.5G+ WW W/ ESCROW;WW
UK SPECIAL DELIVERY;GBR
UK USA EU;GBR,USA,EU
UK-EU-USA-CA;EU,USA,CAN,GBR
UK. IRELAND  EUROPE;EU,IRL
UK. ORDER 10+ FOR OUTSIDE UK;WW
UK.EU;EU
UK/ EU;EU
UK/CA/USA;GBR,USA,CAN
UK/EU;GBR,EU
UK/IRL ONLY;GBR,IRL
UK/ROI;GBR
UK&EUROPE;EU
UNITED KINGDOM;GBR
UNITED KINGDOM CANADA;CAN
UNITED SNAKES OF CAPTIVITY  AMERICANA;
UNITED SNAKES OF CAPTIVITY  GENTLE HEARTS AND KIND PEOPLE;
UNITED SNAKES OF CAPTIVITY  KIND AND GENTLE PEOPLE;
UNITED SNAKES OF CAPTIVITY  KIND HEARTS AND GENTLE PEOPLE;
UNITED SNAKES OF CAPTIVITY  LEFT AND RIGHT COAST U.S.'A';
UNITED SNAKES OF CAPTIVITY  MAMAS HOUSE AND PAPAS HOUSE;
UNITED SNAKES OF CAPTIVITY  RESPONSABLE NINJAS;
UNITED SNAKES OF CAPTIVITY  RESPONSABLE SINGLES  OR PARTIES;
UNITED SNAKES OF CAPTIVITY  RESPONSIBLE NINJAS;
UNITED SNAKES OF CAPTIVITY  THE HUMAN RACE;
UNITED SNAKES OF CAPTIVITY  THE HUMAN RACE  ONLY!!!;
UNITED STATES;USA
UNITED STATES (ONLY);USA
UNITED STATES & CANADA;USA,CAN
UNITED STATES OF AMERICA;USA
UNITED STATES ONLY;USA
UNITED STATES.;USA
UNITES STATES;USA
UNIVERSAL;WW
UNIVERSE;WW
US;USA
US  CANADA  UK;USA,CAN,GBR
US  UK  CANADA;USA,CAN,GBR
US & CANADA;USA,CAN
US | CA | EU;USA,CAN,EU
US DOMESTIC;USA
US DOMESTIC ONLY;USA
US ONLY;USA
US ONLY!;USA
US-CANADA;USA,CAN
US/EU;USA,EU
USA;USA
USA   UK AND WORLDWIDE;WW
USA  AUS;USA,AUS
USA  CA & AUSTRALIA;USA,CAN,AUS
USA  CA & EU;EU,USA,CAN
USA  CANADA;USA,CAN
USA  CANADA  EU;EU,USA,CAN
USA  CANADA  EUROPE;EU,USA,CAN
USA  CANADA  MEXICO  UK;USA,CAN,GBR,MEX
USA  CANADA  UK  IRELAND;USA,CAN,GBR,IRL
USA  CANADA  W. EUROPE;USA,CAN,EU
USA  CANDA  W. EUROPE;USA,CAN,EU
USA  EU;EU,USA
USA  EU  CANADA;USA,CAN,EU
USA  EUROPE  ASIA  OCEANIA;USA,EU,AS,OC
USA  EUROPE  CANADA;USA,CAN,EU
USA  EUROPE  CANADA  PHILLIPINES;USA,CAN,PHL,EU
USA  FRANCE  GREAT BRITAIN;USA,FRA,GBR
USA  FRANCE  SWEDEN  NORWAY  ASIA  PHILLIPINES  THAILAND  HONG KONG  ISRAEL  UNITED KINGDOM;USA,FRA,NOR,SWE,GBR,AS
USA  INT;USA
USA  UK  CANADA;USA,CAN,GBR
USA  UK  EUROPE  AUSTRALIA;USA,GBR,AUS,EU
USA  UK  EUROPE & AUSTRALIA;USA,GBR,AUS,EU
USA  UK  IRELAND  AUSTRIA  NETHERLANDS;USA,GBR,IRL,AUS,NLD
USA  UK  NETHERLANDS  AUSTRIA  IRELAND;USA,GBR,NLD,AUS,IRL
USA  UK AND EU;USA,GBR,EU
USA  UK AND OTHERS;USA,GBR
USA  WORLDWIDE;WW
USA - CONTACT US FOR INTERNATIONAL;USA
USA - DOMESTIC USA ONLY!;USA
USA - INTERNATIONAL ORDERS CONTACT US;USA
USA (ONLY!);USA
USA (SORRY CANADA);USA
USA (SORRY UK);USA
USA * UK * WORLDWIDE;WW
USA & CA;USA,CAN
USA & CAN;USA,CAN
USA & CANADA;USA,CAN
USA & CANADA & EU;USA
USA & CN;USA,CAN
USA & EU;USA,CAN
USA & UK;USA,GBR
USA + CANADA;USA,CAN
USA + UK;USA,GBR
USA + WORLDWIDE EXCEPT AUSTRALIA;WW,!AUS
USA | CA | EU;USA,CAN,EU
USA AND CANADA;USA,CAN
USA AND CANADA ONLY;USA,CAN
USA AND EUROPE;USA,EU
USA AND WORLD WIDE;WW
USA CANADA;USA,CAN
USA CANADA EU WORLDWIDE;WW
USA CANADA UK EU WORLD;WW
USA DOMESTIC ONLY;USA
USA EU;USA,EU
USA EU AU CA;USA,CAN,AUS,EU
USA ONLY;USA
USA ONLY FOR NOW;USA
USA ONLY FOR NOW ;USA
USA ONLY!;USA
USA PRIORITY;USA
USA SHIPPING ONLY;USA
USA TO USA  CANADA  UK  EUROPE & AUSTRALIA;USA,CAN,AUS,EU
USA UK AUSTRALIA;USA,AUS,GBR
USA-ONLY;USA
USA/ WORLWIDE;WW
USA/AUSTRALIA;USA,AUS
USA/CANADA;USA,CAN
USA/EU;USA,EU
USA/INTERNATIONAL;WW
USA/WORLDWIDE;WW
USA&CANADA;USA,CAN
USA+UK;USA,GBR
USA|CA|EU;USA,CAN,EU
USA|EU|CA;USA,CAN,EU
USOFA;
USS & CANADA;USA,CAN
WE DO NOT SHIP TO USA / CANADA / NEW ZEALAND / AUSTRALIA /SCANDINAVIA;WW,!USA,!CAN,!OC
WE DO NOT SHIP TO USA / NEW ZEALAND / AUSTRALIA / SCANDINAVIA;WW,!USA,!CAN,!OC
WE DO NOT SHIP TO USA / NEW ZEALAND / AUSTRALIA /SCANDINAVIA;WW,!USA,!CAN,!OC
WE SHIP TO EVERY SINGLE COUNTRY IN EUROPE INCLUDE SWITZERLAND  EXLUDE HOLLAND;WW,!USA,!CAN,!OC
WESTERN EUROPE;EU
WHERE YOU TELL ME TO;WW
WHEREEVER THEY ARE;WW
WHEREVER YOU ARE RIGHT NOW;WW
WIDE;WW
WIDEWOLRD;WW
WIDEWORLD;WW
WOLDWIDE;WW
WOLRD;WW
WOLRDWIDE;WW
WOPRLD;WW
WORD WIDE;WW
WORDLWIDE;WW
WORDLWIDE EXCEPT AUSTRALIA;WW,!AUS
WORDLWIDE EXCEPT USA AND AU;WW,!AUS,!USA
WORDWIDE;WW
WORDWIDE (EXCEPT NETHERLANDS);WW,!NLD
WORDWIDE EXCEPT AUSTRALIA;WW,!AUS
WORDWIDE EXCEPT: AUSTRALIA  USA  SCANDINAVIA AND ALASKA;WW,!AUS
WORDWIDE INCLUDING AUSTRALIA;WW
WORL;WW
WORL MASSIVE;WW
WORLADWIDE EXCEPT FINLAND;WW,!FIN
WORLD;WW
WORLD   MARS & JUPITER;WW
WORLD   MARS AND JUPITER;WW
WORLD  EXC. USA;WW,!USA
WORLD  EXC.USA;WW,!USA
WORLD  EXCEPT USA;WW,!USA
WORLD  NO USA & AUS;WW,!USA,!AUS
WORLD  NO USA&AUS;WW,!USA,!AUS
WORLD _NO AUSTRALIA;WW,!AUS
WORLD - AUSTRALIA;WW
WORLD - NO AUSTRALIA;WW,!AUS
WORLD -AUSTRALIA;WW
WORLD -NO AUSTRALIA;WW
WORLD (EXCEPTIONS);WW
WORLD (OR INQUIRE WITHIN);WW
WORLD (SEE PROFILE FOR DETAILS);WW
WORLD (SEE PROFILE);WW
WORLD EXCEPT AUSTRALIA;WW,!AUS
WORLD EXCEPT AUSTRALIA AND CANADA;WW,!AUS
WORLD EXCEPT AUSTRALIA USA CANADA;WW,!AUS,!USA,!CAN
WORLD EXCEPT USA;WW,!USA
WORLD EXCEPTAUSTRALIA CANADA;WW,!AUS,!CAN
WORLD NO AUSTRALIA;WW,!AUS
WORLD NO USA;WW,!USA
WORLD UNLESS AUS;WW,!AUS
WORLD WIDE;WW
WORLD WIDE  NO AUSTRALIA;WW,!AUS
WORLD WIDE ;WW
WORLD WIDE (EXCEPT AUSTRALIA);WW,!AUS
WORLD WIDE (NO AUSTRALIA);WW,!AUS
WORLD WIDE EXCEPT AUSTRALIA;WW,!AUS
WORLD WIDE EXCEPT FOR U.S.A;WW,!USA
WORLD WIDE EXCEPT LISTED COUNTRIES.;WW
WORLD WIDE EXCEPT NZ & AUS;WW,!OC
WORLD WIDE EXCEPT POLAND  NORWAY  FINLAND  RUSSIA  ARMENIA.;WW,!POL,!NOR,!FIN,!RUS,!ARM
WORLD WIDE EXCEPT U.S.A;WW,!USA
WORLD WIDE EXCEPT USA;WW,!USA
WORLD WIDE EXEPT U.S.A;WW,!USA
WORLD WIDE EXEPT USA;WW,!USA
WORLD WIDE PRIOR;WW
WORLD WIDE THE FASTEST;WW
WORLD WIDE!!;WW
WORLD WIDE!!!!;WW
WORLD WIDE.;WW
WORLD-WIDE;WW
WORLD.;WW
WORLD/EU/AUSTRALIA;WW
WORLDD;WW
WORLDIDE;WW
WORLDIWDE;WW
WORLDIWIDE;WW
WORLDWID;WW
WORLDWIDE;WW
WORLDWIDE  //  NO FINLAND;WW,!FIN
WORLDWIDE  EU  SCANDINAVIA;WW
WORLDWIDE  EXCEPT AUSTRALIA;WW,!AUS
WORLDWIDE  EXCEPT USA  CANADA  ISRAEL AND INDONESIA;WW,!USA,!CAN,!ISR,IDN
WORLDWIDE  GERMANY  EUROPE  SCHWEIZ;WW
WORLDWIDE  NO AUS  NO LATIN AMERICA;
WORLDWIDE  NO LATIN AMERICA;
WORLDWIDE  NO USA&AUS;WW,!USA,!AUS
WORLDWIDE  PRIOR TRACKING;WW
WORLDWIDE - ALSO USA;WW
WORLDWIDE - EXCEPT AUSTRALIA;WW,!AUS
WORLDWIDE - EXCLUDING USA;WW,!USA
WORLDWIDE -AUS;WW
WORLDWIDE -AUS/US;WW
WORLDWIDE ;WW
WORLDWIDE ( EXCEPT ITALY);WW,!IITA
WORLDWIDE ( EXCLUDING ITALY);WW,!ITA
WORLDWIDE ( NO USA AUS SCANDINAVIA));WW,!USA,!AUS
WORLDWIDE ( NO USA);WW,!USA
WORLDWIDE (DOMESTIC);WW
WORLDWIDE (EX. HUNGARY  GERMANEY  RUSSIA);WW,!DEU,!RUS,!HUN
WORLDWIDE (EX. HUNGARY  GERMANY  RUSSIA);WW,!DEU,!RUS,!HUN
WORLDWIDE (EX. HWORLDWIDE (EX. HUNGARY  GERMANY  RUSSIA);WW,!DEU,!RUS,!HUN
WORLDWIDE (EXCEPT AUS AND USA);WW,!AUS,!USA
WORLDWIDE (EXCEPT AUS/US/ISRAEL/SCANDINAVIA);WW,!AUS,!ISR
WORLDWIDE (EXCEPT AUS/USA/DOMESTIC);WW,!USA,!AUS
WORLDWIDE (EXCEPT AUSTRALIA AND THE USA);WW,!AUS,!USA
WORLDWIDE (EXCEPT AUSTRALIA AND USA);WW,!AUS,!USA
WORLDWIDE (EXCEPT AUSTRALIA);WW,!AUS
WORLDWIDE (EXCEPT NETHERLANDS);WW,!NLD
WORLDWIDE (EXCEPT US);WW,!USA
WORLDWIDE (EXCEPT US+CA);WW,!USA,!CAN
WORLDWIDE (EXCEPT USA  AUS  NZ  SCANDINAVIA);WW,!USA,!AUS,!CAN
WORLDWIDE (EXCEPT USA  AUSTRALIA  NEW ZEALAND);WW,!USA,!AUS,!NZL
WORLDWIDE (EXCEPT USA  CANADA  DOMESTIC);WW,!USA,!CAN
WORLDWIDE (EXCEPT USA & DOMESTIC);WW,!USA
WORLDWIDE (EXCEPT USA-CA AND AU-NZ);WW,!USA,!CAN,!OC
WORLDWIDE (EXCEPT USA);WW,!USA
WORLDWIDE (EXCEPT USA/AUS);WW,!USA,!AUS
WORLDWIDE (EXCEPT USA/AUS/DOMESTIC);WW,!USA,!AUS
WORLDWIDE (EXCEPT USA/AUS/DOMESTIC));WW,!USA,!AUS
WORLDWIDE (EXCEPT: US/NZ/AU/SCANDINAVIA);WW,!USA,!AUS
WORLDWIDE (EXEPT NORTH AMERICA);WW,!USA,!CAN
WORLDWIDE (FREE SHIPPING);WW
WORLDWIDE (FREE);WW
WORLDWIDE (NO USA);WW,!USA
WORLDWIDE (OUTSIDE EU REQIRE F/E;WW
WORLDWIDE (SEE EXCEPTIONS);WW
WORLDWIDE (SEE LIST);WW
WORLDWIDE (SEE PROFILE);WW
WORLDWIDE (SEE SHIPPING LIST);WW
WORLDWIDE [ EXCEPT USA & CANADA ];WW,!USA,!CAN
WORLDWIDE *;WW
WORLDWIDE *NO US  SCANDINAVIA  RUSSIA  AUS  NZ;WW,!USA,!RUS,!AUS,!NZ
WORLDWIDE / NO FINLAND;WW,!FIN
WORLDWIDE // NO FINLAND;WW,!FIN
WORLDWIDE /CANADA/USA/OZ;WW
WORLDWIDE | TRACKED;WW
WORLDWIDE AND OUTSIDE THE UNIVERSE;WW
WORLDWIDE ANY DESTINATION  EVERYWHERE;WW
WORLDWIDE EXCEP USA &T ISRAEL AND USA;WW,!USA,!ISR
WORLDWIDE EXCEPT  USA;WW,!USA
WORLDWIDE EXCEPT AMERICA & ISRAEL;WW,!USA,!ISR
WORLDWIDE EXCEPT AU NZ;WW,!OC
WORLDWIDE EXCEPT AUS;WW,!AUS
WORLDWIDE EXCEPT AUSTRALIA;WW,!AUS
WORLDWIDE EXCEPT AUSTRALIA  NEW ZEALAND  RUSSIA  FINLAND  GERMANY OR THE MIDDLE EAST.;WW,!OC,!RUS,!FIN,!DEU
WORLDWIDE EXCEPT AUSTRALIA & USA;WW,!AUS,!USA
WORLDWIDE EXCEPT AUSTRALIA + NZ;WW,!AUS,!NZL
WORLDWIDE EXCEPT AUSTRALIA AND CANADA;WW,!AUS,!CAN
WORLDWIDE EXCEPT CANADA & USA;WW,!USA,!CAN
WORLDWIDE EXCEPT FINLAN;WW,!FIN
WORLDWIDE EXCEPT FINLAND;WW,!FIN
WORLDWIDE EXCEPT FINLAND  NORWAY SWEDEN;WW,!FIN,!NOR,!SWE
WORLDWIDE EXCEPT FINLAND AND AU;WW,!FIN,!AUS
WORLDWIDE EXCEPT FINLAND AND INSRAEL;WW,!FIN,!ISR
WORLDWIDE EXCEPT FINLAND AND ISRAEL;WW,!FIN,!ISR
WORLDWIDE EXCEPT FINLAND AND ISRLAEL;WW,!FIN,!ISR
WORLDWIDE EXCEPT FINLAND AND JERUSALEM;WW,!FIN,!ISR
WORLDWIDE EXCEPT FOR THE USA  NETHERLANDS AND AUSTRALIA;WW,!USA,!NLD
WORLDWIDE EXCEPT FOR THE USA. NETHERLANDS AND AUSTRALIA;WW,!USA,!NLD
WORLDWIDE EXCEPT FOR U.S.A;WW,!USA
WORLDWIDE EXCEPT FOR U.S.A.  ISRAEL  AND NETHERLANDS;WW,!USA,!ISR,!NLD
WORLDWIDE EXCEPT ISRAEL;WW,!ISR
WORLDWIDE EXCEPT ISRAEL AND USA;WW,!ISR,!USA
WORLDWIDE EXCEPT ITALY  AUSTRALIA AND MIDDLE EAST.;WW,!ITA,!AUS
WORLDWIDE EXCEPT NORTH AMERICA;WW,!USA,!CAN
WORLDWIDE EXCEPT PROBLEM COUNTRIES;WW
WORLDWIDE EXCEPT RUSSIA;WW,!RUS
WORLDWIDE EXCEPT U.S.A;WW,!USA
WORLDWIDE EXCEPT USA;WW,!USA
WORLDWIDE EXCEPT USA  CANADA  AUSTRALIA  NEW ZEALAND AND FINLAND;WW,!USA,!CAN,!AUS,!NZL,!FIN
WORLDWIDE EXCEPT USA  CANADA AND AUSTRALIA;WW,!USA,!CAN,!AUS
WORLDWIDE EXCEPT USA  GER AND AUS;WW,!USA,!GER,!AUS
WORLDWIDE EXCEPT USA  NETHERLANDS;WW,!USA,!NLD
WORLDWIDE EXCEPT USA  NETHERLANDS  CANADA  AUSTRALIA  NEW ZEALAND AND FINLAND;WW,!USA,!NLD,!CAN,!OC,!FIN
WORLDWIDE EXCEPT USA  NETHERLANDS CANADA  AUSTRALIA  NEW ZEALAND AND FINLAND;WW,!USA,!NLD,!CAN,!OC,!FIN
WORLDWIDE EXCEPT USA  NL  AUS;WW,!USA,!AUS,!NLD
WORLDWIDE EXCEPT USA  NL  ISRAEL;WW,!USA,!ISR,!NLD
WORLDWIDE EXCEPT USA  NL AND ISRAEL;WW,!USA,!NLD,!ISR
WORLDWIDE EXCEPT USA &  ISRAEL AND USA;WW,!USA,!ISR,!USA
WORLDWIDE EXCEPT USA & CANADA;WW,!USA,!CAN
WORLDWIDE EXCEPT USA & ISRAEL;WW,!USA,!ISR
WORLDWIDE EXCEPT USA & ISRAEL AND USA;WW,!USA,!ISR
WORLDWIDE EXCEPT USA & ISREAL;WW,!USA,!ISR
WORLDWIDE EXCEPT USA & SWEDEN;WW,!USA,!SWE
WORLDWIDE EXCEPT USA AN AU;WW,!USA,!AUS
WORLDWIDE EXCEPT USA AND AU;WW,!USA,!AUS
WORLDWIDE EXCEPT USA AND AUS;WW,!USA,!AUS
WORLDWIDE EXCEPT USA AND CA;WW,!USA,!CAN
WORLDWIDE EXCEPT USA AND FINLAND;WW,!USA,!FIN
WORLDWIDE EXCEPT USA AND SWEDEN;WW,!USA,!SWE
WORLDWIDE EXCEPT USA/CA;WW,!USA,!CAN
WORLDWIDE EXCEPT USA/CA/DOM;WW,!USA,!CAN,!DOM
WORLDWIDE EXCEPT USA/IL/NL;WW,!USA,!ISR,!NLD
WORLDWIDE EXCEPT USA/ISRAEL/NL;WW,!USA,!ISR,!NLD
WORLDWIDE EXCEPT USA&SWEDEN;WW,!USA,!CAN
WORLDWIDE EXCEPT-[USA & CANADA];WW,!USA,!CAN
WORLDWIDE EXCEPT: AUSTRALIA  USA  SCANDINAVIA  NEW ZEALAND AND HOLLAND;WW,!AUS,!USA,!NZL,!NLD
WORLDWIDE EXCEPT: AUSTRALIA  USA  SCANDINAVIA  NEW ZEALAND AND HOLLAND.;WW,!AUS,!USA,!NZL,!NLD
WORLDWIDE EXCEPT: AUSTRALIA  USA  SCANDINAVIA AND NEW ZEALAND;WW,!AUS,!USA,!NZL
WORLDWIDE EXCEPT: U.S.A  ISRAEL  AND NL;WW,!USA,!ISR,!NLD
WORLDWIDE EXCEPT: U.S.A.  ISRAEL AND THE NETHERLANDS;WW,!USA,!ISR,!NLD
WORLDWIDE EXCEPT: U.S.A./ISRAEL/NETHERLANDS;WW,!USA,!ISR,!NLD
WORLDWIDE EXCEPT: USA  CANADA  ISRAEL AND INDONESIA!;WW,!USA,!CAN,!ISR,!IDN
WORLDWIDE EXCEPT: USA.;WW,!USA
WORLDWIDE EXCEPTS AUSTRALIA;WW,!AUS
WORLDWIDE EXCLUDING USA;WW,!USA
WORLDWIDE EXEPT AUSTRALIA;WW,!AUS
WORLDWIDE EXEPT AUSTRALIA!;WW,!AUS
WORLDWIDE EXEPT AUSTRLIA!;WW,!AUS
WORLDWIDE EXEPT US;WW,!USA
WORLDWIDE EXEPT USA & CANADA;WW,!USA,!CAN
WORLDWIDE EXEPT USA AND CANADA;WW,!USA,!CAN
WORLDWIDE EXEPT USA/CANADA;WW,!USA,!CAN
WORLDWIDE EXEPT USA/CANADA/;WW,!USA,!CAN
WORLDWIDE EXEPT USA/CANADA/GERMANY(TEMPORALLY  PM US FOR INFO);WW,!USA,!CAN,!DEU
WORLDWIDE EXPECT AUSTRALIA;WW,!AUS
WORLDWIDE EXPECT US;WW,!USA
WORLDWIDE FREE PRIOR;WW
WORLDWIDE FREE PRIOR TRACKING;WW
WORLDWIDE FREE SUPER STEALTH;WW
WORLDWIDE INCLUDIN AUSTRALIA;WW
WORLDWIDE INCLUDING AUSTRALIA;WW
WORLDWIDE INTERNATIONAL;WW
WORLDWIDE NO AUSTRALIA;WW,!AUS
WORLDWIDE NO FINLAND;WW,!FIN
WORLDWIDE NO TO FINLAND;WW,!FIN
WORLDWIDE NO USA;WW,!USA
WORLDWIDE ON  REQUEST;WW
WORLDWIDE ON DEMAND;WW
WORLDWIDE ON REQUEST;WW
WORLDWIDE ON WIN;WW
WORLDWIDE PRIOR;WW
WORLDWIDE PRIOR ✈;WW
WORLDWIDE PRIOR FREE;WW
WORLDWIDE PRIOR SHIP;WW
WORLDWIDE PRIOR THE FASTEST;WW
WORLDWIDE PRIOR TRACKING;WW
WORLDWIDE SUPER STEALTH;WW
WORLDWIDE THE FASTEST;WW
WORLDWIDE TO: WORLDWIDE;WW
WORLDWIDE TRACKED;WW
WORLDWIDE UPON REQUEST;WW
WORLDWIDE W/ TRACKING;WW
WORLDWIDE WIDE EXCEPT ISRAEL / USA;WW,!USA,!ISR
WORLDWIDE WITH TRACKING;WW
WORLDWIDE- EXCLUDING AUSTRALIA;WW,!AUS
WORLDWIDE-EXCLUDING;WW
WORLDWIDE-EXCLUDING AUSTRALIA;WW,!AUS
WORLDWIDE!;WW
WORLDWIDE!!;WW
WORLDWIDE.;WW
WORLDWIDE. 3+ BUYS FOR GUARANTEED ESCROW;WW
WORLDWIDE(?);WW
WORLDWIDE*;WW
WORLDWIDE/NO USA;WW,!USA
WORLDWIEDE;WW
WORLIDE;WW
WORLS=D;WW
WORLWIDE;WW
WORLWIDE - EXCEPT USA  AUSTRALIA  NETHERLANDS;WW,!USA,!AUS,!NLD
WORLWIDE (EXCEPT AUSTRALIA AND USA);WW,!AUS,!USA
WORLWIDE EXCEPT FINLAND;WW,!FIN
WORLWIDE STANDARD;WW
WORLWIDE TRACKED;WW
WORTLDWIDE PRIOR;WW
WRLD;WW
WROL;WW
WROLD;WW
WROLDWIDE;WW
WW;WW
WW EXCEPT AUS  NZ & RUSSIA;WW,!AUS,!NZL,!RUS
WW EXCEPT AUS  RU & S.AM;WW,!AUS,!RUS
WW EXCEPT AUS  RU & S.AMERICA;WW,!AUS,!RUS
WW EXCEPT AUS  RUS & S. AMERICA;WW,!AUS,!RUS
WW EXCEPT AUS  RUS & S.AMERICA;WW,!AUS,!RUS
WW EXCEPT USA-CANADA-AUSTRALIA;WW,!USA,!CAN,!AUS
WW EXCEPT: US/CA/AU/DOMESTIC;WW,!USA,!CAN,!AUS
WW SHIPPING;WW
WW UE EXEPT AUSTRALIA/FINLAND;WW,!AUS,!FIN
XANAX BARS;
YOU;WW
YOU - FREE SHIPPING;WW
YOU INBOX;WW
YOU!!!;WW
YOUR BONER HOLDER (YOURS IS UNOFFICIAL HINCE THE NON CAPS);
YOUR INBOX;WW
YOUR PM;WW
YOUR SITE WALLET;WW
YOUR WALLET;WW
YOUTUBE;
NA;NA
